attribute,types
domain,"user_t,staff_t,sysadm_t,secadm_t,system_t,httpd_t,ftpd_t,mysqld_t,named_t,postfix_t,sshd_t,cron_t,logrotate_t,ntp_t,rsync_t,backup_t,audit_t,udev_t,init_t,kernel_t,dpkg_t,rpm_t,networkmanager_t,cups_t,avahi_t,bluetooth_t,dbus_t,dhcpc_t,gdm_t,iptables_t,kerberos_t,ldap_t,openvpn_t,pulseaudio_t,rpc_t,samba_t,snmp_t,squid_t,syslog_t,tcpd_t,xserver_t"
file_type,"user_home_t,staff_home_t,admin_home_t,etc_t,var_t,tmp_t,usr_t,bin_t,sbin_t,lib_t,httpd_config_t,httpd_content_t,ftpd_config_t,mysqld_db_t,named_zone_t,postfix_config_t,sshd_key_t,cron_spool_t,audit_log_t,var_log_t,ntp_conf_t,backup_store_t,shadow_t,passwd_file_t,selinux_config_t,proc_t,sys_t,dev_t,kernel_t,dpkg_db_t,rpm_db_t,networkmanager_conf_t,cups_config_t,avahi_conf_t,bluetooth_conf_t,dbus_conf_t,dhcpc_state_t,gdm_conf_t,iptables_conf_t,kerberos_keytab_t,ldap_db_t,openvpn_config_t,pulseaudio_home_t,rpc_pipefs_t,samba_share_t,snmp_var_lib_t,squid_cache_t,syslog_conf_t,tcpd_var_run_t,xserver_log_t"
port_type,"http_port_t,ftp_port_t,mysql_port_t,dns_port_t,smtp_port_t,ssh_port_t,ntp_port_t,dhcpc_port_t,ldap_port_t,kerberos_port_t,samba_port_t,snmp_port_t,squid_port_t,openvpn_port_t,xserver_port_t"
exec_type,"httpd_exec_t,ftpd_exec_t,mysqld_exec_t,named_exec_t,postfix_exec_t,sshd_exec_t,cron_exec_t,logrotate_exec_t,ntp_exec_t,rsync_exec_t,backup_exec_t,audit_exec_t,dpkg_exec_t,rpm_exec_t,networkmanager_exec_t,cups_exec_t,avahi_exec_t,bluetooth_exec_t,dbus_exec_t,dhcpc_exec_t,gdm_exec_t,iptables_exec_t,kerberos_exec_t,ldap_exec_t,openvpn_exec_t,pulseaudio_exec_t,rpc_exec_t,samba_exec_t,snmp_exec_t,squid_exec_t,syslog_exec_t,tcpd_exec_t,xserver_exec_t"
device_type,"tty_device_t,null_device_t,zero_device_t,random_device_t,urandom_device_t,kvm_device_t,sound_device_t,usb_device_t,video_device_t,netcontrol_device_t"
fs_type,"proc_fs_t,sysfs_t,selinuxfs_t,tmpfs_t,devpts_fs_t,debugfs_t,binfmt_misc_fs_t,cgroup_fs_t,mqueue_fs_t,hugetlbfs_t,nfsd_fs_t"